stationName,crsCode
0,Abbey Wood,ABW
1,Aber,ABE
2,Abercynon,ACY
3,Aberdare,ABA
4,Aberdeen,ABD
5,Aberdour,AUR
6,Aberdovey,AVY
7,Abererch,ABH
8,Abergavenny,AGV
9,Abergele & Pensarn,AGL
10,Aberystwyth,AYW
11,Accrington,ACR
12,Achanalt,AAT
13,Achnasheen,ACN
14,Achnashellach,ACH
15,Acklington,ACK
16,Acle,ACL
17,Acocks Green,ACG
18,Acton Bridge,ACB
19,Acton Central,ACC
20,Acton Main Line,AML
21,Adderley Park,ADD
22,Addiewell,ADW
23,Addlestone,ASN
24,Adisham,ADM
25,Adlington (Cheshire),ADC
26,Adlington (Lancashire),ADL
27,Adwick,AWK
28,Aigburth,AIG
29,Ainsdale,ANS
30,Aintree,AIN
31,Airbles,AIR
32,Airdrie,ADR
33,Albany Park,AYP
34,Albrighton,ALB
35,Alderley Edge,ALD
36,Aldermaston,AMT
37,Aldershot,AHT
38,Aldrington,AGT
39,Alexandra Palace,AAP
40,Alexandra Parade,AXP
41,Alexandria,ALX
42,Alfreton,ALF
43,Allens West,ALW
44,Alloa,ALO
45,Alness,ASS
46,Alnmouth,ALM
47,Alresford,ALR
48,Alsager,ASG
49,Althorne,ALN
50,Althorpe,ALP
51,Altnabreac,ABC
52,Alton,AON
53,Altrincham,ALT
54,Alvechurch,ALV
55,Ambergate,AMB
56,Amberley,AMY
57,Amersham,AMR
58,Ammanford,AMF
59,Ancaster,ANC
60,Anderston,AND
61,Andover,ADV
62,Anerley,ANZ
63,Angel Road,AGR
64,Angmering,ANG
65,Annan,ANN
66,Anniesland,ANL
67,Ansdell & Fairhaven,AFV
68,Apperley Bridge,APY
69,Appleby,APP
70,Appledore (Kent),APD
71,Appleford,APF
72,Appley Bridge,APB
73,Apsley,APS
74,Arbroath,ARB
75,Ardgay,ARD
76,Ardlui,AUI
77,Ardrossan Harbour,ADS
78,Ardrossan South Beach,ASB
79,Ardrossan Town,ADN
80,Ardwick,ADK
81,Argyle Street,AGS
82,Arisaig,ARG
83,Arlesey,ARL
84,Armadale,ARM
85,Armathwaite,AWT
86,Arnside,ARN
87,Arram,ARR
88,Arrochar & Tarbet,ART
89,Arundel,ARU
90,Ascot,ACT
91,Ascott-Under-Wychwood,AUW
92,Ash,ASH
93,Ash Vale,AHV
94,Ashburys,ABY
95,Ashchurch for Tewkesbury,ASC
96,Ashfield,ASF
97,Ashford International,AFK
98,Ashford Surrey,AFS
99,Ashley,ASY
100,Ashtead,AHD
101,Ashton-Under-Lyne,AHN
102,Ashurst Kent,AHS
103,Ashurst New Forest,ANF
104,Ashwell & Morden,AWM
105,Askam,ASK
106,Aslockton,ALK
107,Aspatria,ASP
108,Aspley Guise,APG
109,Aston,AST
110,Atherstone,ATH
111,Atherton,ATN
112,Attadale,ATT
113,Attenborough,ATB
114,Attleborough,ATL
115,Auchinleck,AUK
116,Audley End,AUD
117,Aughton Park,AUG
118,Aviemore,AVM
119,Avoncliff,AVF
120,Avonmouth,AVN
121,Axminster,AXM
122,Aylesbury,AYS
123,Aylesbury Vale Parkway,AVP
124,Aylesford,AYL
125,Aylesham,AYH
126,Ayr,AYR
127,Bache,BAC
128,Baglan,BAJ
129,Bagshot,BAG
130,Baildon,BLD
131,Baillieston,BIO
132,Balcombe,BAB
133,Baldock,BDK
134,Balham,BAL
135,Balloch Central,BHC
136,Balmossie,BSI
137,Bamber Bridge,BMB
138,Bamford,BAM
139,Banavie,BNV
140,Banbury,BAN
141,Bangor (Gwynedd),BNG
142,Bank Hall,BAH
143,Banstead,BAD
144,Barassie,BSS
145,Bardon Mill,BLL
146,Bare Lane,BAR
147,Bargeddie,BGI
148,Bargoed,BGD
149,Barking,BKG
150,Barlaston,BRT
151,Barming,BMG
152,Barmouth,BRM
153,Barnehurst,BNH
154,Barnes Bridge,BNI
155,Barnes,BNS
156,Barnetby,BTB
157,Barnham,BAA
158,Barnhill,BNL
159,Barnsley,BNY
160,Barnstaple,BNP
161,Barnt Green,BTG
162,Barrhead,BRR
163,Barrhill,BRL
164,Barrow Haven,BAV
165,Barrow Upon Soar,BWS
166,Barrow-In-Furness,BIF
167,Barry Docks,BYD
168,Barry Island,BYI
169,Barry Links,BYL
170,Barry,BRY
171,Barton-On-Humber,BAU
172,Basildon,BSO
173,Basingstoke,BSK
174,Bat & Ball,BBL
175,Bath Spa,BTH
176,Bathgate,BHG
177,Batley,BTL
178,Battersby,BTT
179,Battersea Park,BAK
180,Battle,BAT
181,Battlesbridge,BLB
182,Bayford,BAY
183,Beaconsfield,BCF
184,Bearley,BER
185,Bearsden,BRN
186,Bearsted,BSD
187,Beasdale,BSL
188,Beaulieu Road,BEU
189,Beauly,BEL
190,Bebington,BEB
191,Beccles,BCC
192,Beckenham Hill,BEC
193,Beckenham Junction,BKJ
194,Bedford St Johns,BSJ
195,Bedford,BDM
196,Bedhampton,BDH
197,Bedminster,BMT
198,Bedworth,BEH
199,Bedwyn,BDW
200,Beeston,BEE
201,Bekesbourne,BKS
202,Belfast Central,BFC
203,Belle Vue,BLV
204,Bellgrove,BLG
205,Bellingham,BGM
206,Bellshill,BLH
207,Belmont,BLM
208,Belper,BLP
209,Beltring,BEG
210,Belvedere,BVD
211,Bempton,BEM
212,Ben Rhydding,BEY
213,Benfleet,BEF
214,Bentham,BEN
215,Bentley,BTY
216,Bentley (South Yorkshire),BYK
217,Bere Alston,BAS
218,Bere Ferrers,BFE
219,Berkhamsted,BKM
220,Berkswell,BKW
221,Bermuda Park,BEP
222,Berney Arms,BYA
223,Berry Brow,BBW
224,Berrylands,BRS
225,Berwick (Sussex),BRK
226,Berwick-Upon-Tweed,BWK
227,Bescar Lane,BES
228,Bescot Stadium,BSC
229,Betchworth,BTO
230,Bethnal Green,BET
231,Betws-Y-Coed,BYC
232,Beverley,BEV
233,Bexhill,BEX
234,Bexley,BXY
235,Bexleyheath,BXH
236,Bicester North,BCS
237,Bicester Village,BIT
238,Bickley,BKL
239,Bidston,BID
240,Biggleswade,BIW
241,Bilbrook,BBK
242,Billericay,BIC
243,Billingham,BIL
244,Billingshurst,BIG
245,Bingham,BIN
246,Bingley,BIY
247,Birchgrove,BCG
248,Birchington-On-Sea,BCH
249,Birchwood,BWD
250,Birkbeck,BIK
251,Birkdale,BDL
252,Birkenhead Central,BKC
253,Birkenhead Hamilton Square,BKQ
254,Birkenhead North,BKN
255,Birkenhead Park,BKP
256,Birmingham,13
257,Birmingham International,BHI
258,Birmingham Moor Street,BMO
259,Birmingham New Street,BHM
260,Birmingham Snow Hill,BSW
261,Bishop Auckland,BIA
262,Bishopbriggs,BBG
263,Bishops Stortford,BIS
264,Bishopstone (Hill Rise),BIP
265,Bishopton,BPT
266,Bitterne,BTE
267,Blackburn,BBN
268,Blackheath,BKH
269,Blackhorse Road,BHO
270,Blackpool North,BPN
271,Blackpool Pleasure Beach,BPB
272,Blackpool South,BPS
273,Blackridge,BKR
274,Blackrod,BLK
275,Blackwater,BAW
276,Blaenau Ffestiniog,BFF
277,Blair Atholl,BLA
278,Blairhill,BAI
279,Blake Street,BKT
280,Blakedown,BKD
281,Blantyre,BLT
282,Blaydon,BLO
283,Bleasby,BSB
284,Bletchley,BLY
285,Bloxwich North,BWN
286,Bloxwich,BLX
287,Blundellsands & Crosby,BLN
288,Blythe Bridge,BYB
289,Bodmin Parkway,BOD
290,Bodorgan,BOR
291,Bognor Regis,BOG
292,Bogston,BGS
293,Bond Street,BDS
294,Bolton,BON
295,Bolton-On-Dearne,BTD
296,Bookham,BKA
297,Bootle (Cumbria),BOC
298,Bootle New Strand,BNW
299,Bootle Oriel Road,BOT
300,Bordesley,BBS
301,Borough Green & Wrotham,BRG
302,Borth,BRH
303,Bosham,BOH
304,Boston,BSN
305,Botley,BOE
306,Bottesford,BTF
307,Bourne End,BNE
308,Bournemouth,BMH
309,Bournville,BRV
310,Bow Brickhill,BWB
311,Bow Street,BOW
312,Bowes Park,BOP
313,Bowling,BWG
314,Box Hill & Westhumble,BXW
315,Bracknell,BCE
316,Bradford Forster Square,BDQ
317,Bradford Interchange,BDI
318,Bradford-On-Avon,BOA
319,Brading,BDN
320,Braintree,BTR
321,Braintree Freeport,BTP
322,Bramhall,BML
323,Bramley (Hants),BMY
324,Bramley (W Yorks),BLE
325,Brampton (Cumbria),BMP
326,Brampton (Suffolk),BRP
327,Branchton,BCN
328,Brandon,BND
329,Branksome,BSM
330,Braystones,BYS
331,Bredbury,BDY
332,Breich,BRC
333,Brentford,BFD
334,Brentwood,BRE
335,Bricket Wood,BWO
336,Bridge of Allan,BEA
337,Bridge of Orchy,BRO
338,Bridgend,BGN
339,Bridgeton,BDG
340,Bridgwater,BWT
341,Bridlington,BDT
342,Brierfield,BRF
343,Brigg,BGG
344,Brighouse,BGH
345,Brighton,BTN
346,Brimsdown,BMD
347,Brinnington,BNT
348,Bristol Parkway,BPW
349,Bristol Temple Meads,BRI
350,Brithdir,BHD
351,British Steel Redcar,RBS
352,Briton Ferry,BNF
353,Brixton,BRX
354,Broad Green,BGE
355,Broadbottom,BDB
356,Broadstairs,BSR
357,Brockenhurst,BCU
358,Brockholes,BHS
359,Brockley,BCY
360,Brockley Whins,BNR
361,Bromborough Rake,BMR
362,Bromborough,BOM
363,Bromley Cross,BMC
364,Bromley North,BMN
365,Bromley South,BMS
366,Bromsgrove,BMV
367,Brondesbury Park,BSP
368,Brondesbury,BSY
369,Brookmans Park,BPK
370,Brookwood,BKO
371,Broome,BME
372,Broomfleet,BMF
373,Brora,BRA
374,Brough,BUH
375,Broughty Ferry,BYF
376,Broxbourne,BXB
377,Bruce Grove,BCV
378,Brundall Gardens,BGA
379,Brundall,BDA
380,Brunstane,BSU
381,Brunswick,BRW
382,Bruton,BRU
383,Bryn,BYN
384,Buckenham,BUC
385,Buckley,BCK
386,Bucknell,BUK
387,Buckshaw Parkway,BSV
388,Bugle,BGL
389,Builth Road,BHR
390,Bulwell,BLW
391,Bures,BUE
392,Burgess Hill,BUG
393,Burley Park,BUY
394,Burley-In-Wharfedale,BUW
395,Burnage,BNA
396,Burneside,BUD
397,Burnham,BNM
398,Burnham-On-Crouch,BUU
399,Burnley Barracks,BUB
400,Burnley Central,BNC
401,Burnley Manchester Road,BYM
402,Burnside,BUI
403,Burntisland,BTS
404,Burscough Bridge,BCB
405,Burscough Junction,BCJ
406,Bursledon,BUO
407,Burton Joyce,BUJ
408,Burton-On-Trent,BUT
409,Bury St Edmunds,BSE
410,Busby,BUS
411,Bush Hill Park,BHK
412,Bushey,BSH
413,Butlers Lane,BUL
414,Buxted,BXD
415,Buxton,BUX
416,Byfleet & New Haw,BFN
417,Bynea,BYE
418,Cadoxton,CAD
419,Caergwrle,CGW
420,Caerphilly,CPH
421,Caersws,CWS
422,Caldercruix,CAC
423,Caldicot,CDT
424,Caledonian Road & Barnsbury,CIR
425,Calstock,CSK
426,Cam & Dursley,CDU
427,Camberley,CAM
428,Camborne,CBN
429,Cambridge Heath,CBH
430,Cambridge,CBG
431,Cambuslang,CBL
432,Camden Road,CMD
433,Camelon,CMO
434,Canada Water,ZCW
435,Canary Wharf,CWX
436,Canley,CNL
437,Cannock,CAO
438,Canonbury,CNN
439,Canterbury East,CBE
440,Canterbury West,CBW
441,Cantley,CNY
442,Capenhurst,CPU
443,Carbis Bay,CBB
444,Cardenden,CDD
445,Cardiff Bay,CDB
446,Cardiff Central,CDF
447,Cardiff International Airport,XCF
448,Cardiff Queen Street,CDQ
449,Cardonald,CDO
450,Cardross,CDR
451,Carfin,CRF
452,Cark,CAK
453,Carlisle,CAR
454,Carlton,CTO
455,Carluke,CLU
456,Carmarthen,CMN
457,Carmyle,CML
458,Carnforth,CNF
459,Carnoustie,CAN
460,Carntyne,CAY
461,Carpenders Park,CPK
462,Carrbridge,CAG
463,Carshalton,CSH
464,Carshalton Beeches,CSB
465,Carstairs,CRS
466,Cartsdyke,CDY
467,Castle Bar Park,CBP
468,Castle Cary,CLC
469,Castleford,CFD
470,Castleton,CAS
471,Castleton Moor,CSM
472,Caterham,CAT
473,Catford Bridge,CFB
474,Catford,CTF
475,Cathays,CYS
476,Cathcart,CCT
477,Cattal,CTL
478,Causeland,CAU
479,Cefn-Y-Bedd,CYB
480,Chadwell Heath,CTH
481,Chafford Hundred,CFH
482,Chalfont & Latimer,CFO
483,Chalkwell,CHW
484,Chandlers Ford,CFR
485,Chapel-En-Le-Frith,CEF
486,Chapeltown,CLN
487,Chapleton,CPN
488,Chappel & Wakes Colne,CWC
489,Charing,CHG
490,Charing Cross (Glasgow),CHC
491,Charlbury,CBY
492,Charlton,CTN
493,Chartham,CRT
494,Chassen Road,CSR
495,Chatelherault,CTE
496,Chatham,CTM
497,Chathill,CHT
498,Cheadle Hulme,CHU
499,Cheam,CHE
500,Cheddington,CED
501,Chelford,CEL
502,Chelmsford,CHM
503,Chelsfield,CLD
504,Cheltenham Spa,CNM
505,Chepstow,CPW
506,Cherry Tree,CYT
507,Chertsey,CHY
508,Cheshunt,CHN
509,Chessington North,CSN
510,Chessington South,CSS
511,Chester,CTR
512,Chester Road,CRD
513,Chesterfield,CHD
514,Chester-Le-Street,CLS
515,Chestfield & Swalecliffe,CSW
516,Chetnole,CNO
517,Chichester,CCH
518,Chilham,CIL
519,Chilworth,CHL
520,Chingford,CHI
521,Chinley,CLY
522,Chippenham,CPM
523,Chipstead,CHP
524,Chirk,CRK
525,Chislehurst,CIT
526,Chiswick,CHK
527,Cholsey,CHO
528,Chorley,CRL
529,Chorleywood,CLW
530,Christchurch,CHR
531,Christs Hospital,CHH
532,Church & Oswaldtwistle,CTW
533,Church Fenton,CHF
534,Church Stretton,CTT
535,Cilmeri,CIM
536,City Thameslink,CTK
537,Clacton-On-Sea,CLT
538,Clandon,CLA
539,Clapham (Nth Yorkshire),CPY
540,Clapham High Street,CLP
541,Clapham Junction,CLJ
542,Clapton,CPT
543,Clarbeston Road,CLR
544,Clarkston,CKS
545,Claverdon,CLV
546,Claygate,CLG
547,Cleethorpes,CLE
548,Cleland,CEA
549,Clifton,CLI
550,Clifton Down,CFN
551,Clitheroe,CLH
552,Clock House,CLK
553,Clunderwen,CUW
554,Clydebank,CYK
555,Coatbridge Central,CBC
556,Coatbridge Sunnyside,CBS
557,Coatdyke,COA
558,Cobham & Stoke Dabernon,CSD
559,Codsall,CSL
560,Cogan,CGN
561,Colchester,COL
562,Colchester Town,CET
563,Coleshill Parkway,CEH
564,Collingham,CLM
565,Collington,CLL
566,Colne,CNE
567,Colwall,CWL
568,Colwyn Bay,CWB
569,Combe,CME
570,Commondale,COM
571,Congleton,CNG
572,Conisbrough,CNS
573,Connel Ferry,CON
574,Conon Bridge,CBD
575,Cononley,CEY
576,Conway Park,CNP
577,Conwy,CNW
578,Cooden Beach,COB
579,Cookham,COO
580,Cooksbridge,CBR
581,Coombe,COE
582,Copplestone,COP
583,Corbridge,CRB
584,Corby,COR
585,Corkerhill,CKH
586,Corkickle,CKL
587,Corpach,CPA
588,Corrour,CRR
589,Coryton,COY
590,Coseley,CSY
591,Cosford,COS
592,Cosham,CSA
593,Cottingham,CGM
594,Cottingley,COT
595,Coulsdon South,CDS
596,Coulsdon Town,CDN
597,Coventry,COV
598,Coventry Arena,CAA
599,Cowden,CWN
600,Cowdenbeath,COW
601,Cradley Heath,CRA
602,Craigendoran,CGD
603,Cramlington,CRM
604,Cranbrook (Devon),CBK
605,Craven Arms,CRV
606,Crawley,CRW
607,Crayford,CRY
608,Crediton,CDI
609,Cressing,CES
610,Cressington,CSG
611,Creswell (Derbys),CWD
612,Crewe,CRE
613,Crewkerne,CKN
614,Crews Hill,CWH
615,Crianlarich,CNR
616,Criccieth,CCC
617,Cricklewood,CRI
618,Croftfoot,CFF
619,Crofton Park,CFT
620,Cromer,CMR
621,Cromford,CMF
622,Crookston,CKT
623,Cross Gates,CRG
624,Crossflatts,CFL
625,Crosshill,COI
626,Crosskeys,CKY
627,Crossmyloof,CMY
628,Croston,CSO
629,Crouch Hill,CRH
630,Crowborough,COH
631,Crowhurst,CWU
632,Crowle,CWE
633,Crowthorne,CRN
634,Croy,CRO
635,Crystal Palace,CYP
636,Cuddington,CUD
637,Cuffley,CUF
638,Culham,CUM
639,Culrain,CUA
640,Cumbernauld,CUB
641,Cupar,CUP
642,Curriehill,CUH
643,Custom House,CUS
644,Cuxton,CUX
645,Cwmbach,CMH
646,Cwmbran,CWM
647,Cynghordy,CYN
648,Dagenham Dock,DDK
649,Dagenham East L.T.,ZDE
650,Daisy Hill,DSY
651,Dalgety Bay,DAG
652,Dalmally,DAL
653,Dalmarnock,DAK
654,Dalmeny,DAM
655,Dalmuir,DMR
656,Dalreoch,DLR
657,Dalry,DLY
658,Dalston (Cumbria),DLS
659,Dalston Junction,DLJ
660,Dalston Kingsland,DLK
661,Dalton,DLT
662,Dalwhinnie,DLW
663,Danby,DNY
664,Danescourt,DCT
665,Danzey,DZY
666,Darlington,DAR
667,Darnall,DAN
668,Darsham,DSM
669,Dartford,DFD
670,Darton,DRT
671,Darwen,DWN
672,Datchet,DAT
673,Davenport,DVN
674,Dawlish,DWL
675,Dawlish Warren,DWW
676,Deal,DEA
677,Dean,DEN
678,Deansgate,DGT
679,Deganwy,DGY
680,Deighton,DHN
681,Delamere,DLM
682,Denby Dale,DBD
683,Denham,DNM
684,Denham Golf Club,DGC
685,Denmark Hill,DMK
686,Dent,DNT
687,Denton,DTN
688,Deptford,DEP
689,Derby,DBY
690,Derby Road,DBR
691,Dereham Market Place,DEB
692,Devonport,DPT
693,Dewsbury,DEW
694,Didcot Parkway,DID
695,Digby & Sowton,DIG
696,Dilton Marsh,DMH
697,Dinas Powys,DNS
698,Dinas Rhondda,DMG
699,Dingle Road,DGL
700,Dingwall,DIN
701,Dinsdale,DND
702,Dinting,DTG
703,Disley,DSL
704,Diss,DIS
705,Dockyard,DOC
706,Dodworth,DOD
707,Dolau,DOL
708,Doleham,DLH
709,Dolgarrog,DLG
710,Dolwyddelan,DWD
711,Doncaster,DON
712,Dorchester South,DCH
713,Dorchester West,DCW
714,Dore & Totley,DOR
715,Dorking Deepdene,DPD
716,Dorking,DKG
717,Dorking West,DKT
718,Dormans,DMS
719,Dorridge,DDG
720,Dove Holes,DVH
721,Dover Priory,DVP
722,Dovercourt,DVC
723,Dovey Junction,DVY
724,Downham Market,DOW
725,Drayton Green,DRG
726,Drayton Manor,DRY
727,Drayton Park,DYP
728,Drem,DRM
729,Driffield,DRF
730,Drigg,DRI
731,Droitwich Spa,DTW
732,Dronfield,DRO
733,Drumchapel,DMC
734,Drumfrochar,DFR
735,Drumgelloch,DRU
736,Drumry,DMY
737,Duddeston,DUD
738,Dudley Port,DDP
739,Duffield,DFI
740,Duirinish,DRN
741,Duke Street,DST
742,Dullingham,DUL
743,Dumbarton Central,DBC
744,Dumbarton East,DBE
745,Dumbreck,DUM
746,Dumfries,DMF
747,Dumpton Park,DMP
748,Dunbar,DUN
749,Dunblane,DBL
750,Duncraig,DCG
751,Dundee,DEE
752,Dunfermline Queen Margaret,DFL
753,Dunfermline Town,DFE
754,Dunkeld & Birnam,DKD
755,Dunlop,DNL
756,Dunoon,DUO
757,Dunrobin Castle,DNO
758,Duns,DUU
759,Dunston,DOT
760,Dunton Green,DNG
761,Durham,DHM
762,Durrington-On-Sea,DUR
763,Dyce,DYC
764,Dyffryn Ardudwy,DYF
765,Eaglescliffe,EAG
766,Ealing Broadway,EAL
767,Ealing Common,ZEC
768,Earlestown,ERL
769,Earley,EAR
770,Earl's Court L.T.,ZET
771,Earlsfield,EAD
772,Earlston,EAS
773,Earlswood (Surrey),ELD
774,Earlswood (West Midlands),EWD
775,East Boldon,EBL
776,East Cowes,ECW
777,East Croydon,ECR
778,East Didsbury,EDY
779,East Dulwich,EDW
780,East Farleigh,EFL
781,East Garforth,EGF
782,East Grinstead,EGR
783,East Kilbride,EKL
784,East Malling,EML
785,East Midlands Parkway,EMD
786,East Tilbury,ETL
787,East Worthing,EWR
788,Eastbourne,EBN
789,Eastbrook,EBK
790,Easterhouse,EST
791,Eastham Rake,ERA
792,Eastleigh,ESL
793,Eastrington,EGN
794,Ebbsfleet International,EBD
795,Ebbw Vale Parkway,EBV
796,Ebbw Vale Town,EBB
797,Eccles,ECC
798,Eccles Road,ECS
799,Eccleston Park,ECL
800,Edale,EDL
801,Eden Park,EDN
802,Edenbridge,EBR
803,Edenbridge Town,EBT
804,Edge Hill,EDG
805,Edinburgh Gateway,EGY
806,Edinburgh Park,EDP
807,Edinburgh Waverley,EDB
808,Edmonton Green,EDR
809,Effingham Junction,EFF
810,Eggesford,EGG
811,Egham,EGH
812,Egton,EGT
813,Elephant & Castle,EPH
814,Elgin,ELG
815,Ellesmere Port,ELP
816,Elmers End,ELE
817,Elmstead Woods,ESD
818,Elmswell,ESW
819,Elsecar,ELR
820,Elsenham,ESM
821,Elstree & Borehamwood,ELS
822,Eltham,ELW
823,Elton & Orston,ELO
824,Ely,ELY
825,Emerson Park,EMP
826,Emsworth,EMS
827,Energlyn & Churchill Park,ECP
828,Enfield Chase,ENC
829,Enfield Lock,ENL
830,Enfield Town,ENF
831,Entwistle,ENT
832,Epsom Downs,EPD
833,Epsom,EPS
834,Erdington,ERD
835,Eridge,ERI
836,Erith,ERH
837,Esher,ESH
838,Eskbank,EKB
839,Essex Road,EXR
840,Etchingham,ETC
841,Euxton Balshaw Lane,EBA
842,Evesham,EVE
843,Ewell East,EWE
844,Ewell West,EWW
845,Exeter,74
846,Exeter Central,EXC
847,Exeter St Davids,EXD
848,Exeter St Thomas,EXT
849,Exhibition Centre,EXG
850,Exmouth,EXM
851,Exton,EXN
852,Eynsford,EYN
853,Fairbourne,FRB
854,Fairfield,FRF
855,Fairlie,FRL
856,Fairwater,FRW
857,Falconwood,FCN
858,Falkirk Grahamston,FKG
859,Falkirk High,FKK
860,Falls of Cruachan,FOC
861,Falmer,FMR
862,Falmouth Docks,FAL
863,Falmouth Town,FMT
864,Fareham,FRM
865,Farnborough Main,FNB
866,Farnborough North,FNN
867,Farncombe,FNC
868,Farnham,FNH
869,Farningham Road,FNR
870,Farnworth,FNW
871,Farringdon,ZFD
872,Fauldhouse,FLD
873,Faversham,FAV
874,Faygate,FGT
875,Fazakerley,FAZ
876,Fearn,FRN
877,Featherstone,FEA
878,Felixstowe,FLX
879,Fellgate,FEG
880,Feltham,FEL
881,Feniton,FNT
882,Fenny Stratford,FEN
883,Fernhill,FER
884,Ferriby,FRY
885,Ferryside,FYS
886,Ffairfach,FFA
887,Filey,FIL
888,Filton Abbey Wood,FIT
889,Finchley Road & Frognal,FNY
890,Finsbury Park,FPK
891,Finstock,FIN
892,Fishbourne (Sussex),FSB
893,Fishersgate,FSG
894,Fishguard & Goodwick,FGW
895,Fishguard Harbour,FGH
896,Fiskerton,FSK
897,Fitzwilliam,FZW
898,Five Ways,FWY
899,Fleet,FLE
900,Flimby,FLM
901,Flint,FLN
902,Flitwick,FLT
903,Flixton,FLI
904,Flowery Field,FLF
905,Folkestone,78
906,Folkestone Central,FKC
907,Folkestone West,FKW
908,Ford,FOD
909,Forest Gate,FOG
910,Forest Hill,FOH
911,Formby,FBY
912,Forres,FOR
913,Forsinard,FRS
914,Fort Matilda,FTM
915,Fort William,FTW
916,Four Oaks,FOK
917,Foxfield,FOX
918,Foxton,FXN
919,Frant,FRT
920,Fratton,FTN
921,Freshfield,FRE
922,Freshford,FFD
923,Frimley,FML
924,Frinton-On-Sea,FRI
925,Frizinghall,FZH
926,Frodsham,FRD
927,Frome,FRO
928,Fulwell,FLW
929,Furness Vale,FNV
930,Furze Platt,FZP
931,Gainsborough Central,GNB
932,Gainsborough Lea Road,GBL
933,Galashiels,GAL
934,Garelochhead,GCH
935,Garforth,GRF
936,Gargrave,GGV
937,Garrowhill,GAR
938,Garscadden,GRS
939,Garsdale,GSD
940,Garston (Hertfordshire),GSN
941,Garswood,GSW
942,Gartcosh,GRH
943,Garth,GTH
944,Garth (Mid Glamorgan),GMG
945,Garve,GVE
946,Gathurst,GST
947,Gatley,GTY
948,Gatwick Airport,GTW
949,Georgemas Junction,GGJ
950,Gerrards Cross,GER
951,Gidea Park,GDP
952,Giffnock,GFN
953,Giggleswick,GIG
954,Gilberdyke,GBD
955,Gilfach Fargoed,GFF
956,Gillingham (Dorset),GIL
957,Gillingham (Kent),GLM
958,Gilshochill,GSC
959,Gipsy Hill,GIP
960,Girvan,GIR
961,Glaisdale,GLS
962,Glan Conwy,GCW
963,Glasgow,81
964,Glasgow Central,GLC
965,Glasgow Queen Street,GLQ
966,Glasshoughton,GLH
967,Glazebrook,GLZ
968,Gleneagles,GLE
969,Glenfinnan,GLF
970,Glengarnock,GLG
971,Glenrothes with Thornton,GLT
972,Glossop,GLO
973,Gloucester,GCR
974,Glynde,GLY
975,Gobowen,GOB
976,Godalming,GOD
977,Godley,GDL
978,Godstone,GDN
979,Goldthorpe,GOE
980,Golf Street,GOF
981,Golspie,GOL
982,Gomshall,GOM
983,Goodmayes,GMY
984,Goole,GOO
985,Goostrey,GTR
986,Gordon Hill,GDH
987,Gorebridge,GBG
988,Goring & Streatley,GOR
989,Goring-By-Sea,GBS
990,Gorton,GTO
991,Gospel Oak,GPO
992,Gourock,GRK
993,Gourock Pier,GXX
994,Gowerton,GWN
995,Goxhill,GOX
996,Grange Park,GPK
997,Grange-Over-Sands,GOS
998,Grangetown,GTN
999,Grantham,GRA
1000,Grateley,GRT
1001,Gravelly Hill,GVH
1002,Gravesend,GRV
1003,Grays,GRY
1004,Great Ayton,GTA
1005,Great Bentley,GRB
1006,Great Chesterford,GRC
1007,Great Coates,GCT
1008,Great Malvern,GMV
1009,Great Missenden,GMN
1010,Great Yarmouth,GYM
1011,Green Lane,GNL
1012,Green Road,GNR
1013,Greenbank,GBK
1014,Greenfaulds,GRL
1015,Greenfield,GNF
1016,Greenford,GFD
1017,Greenhithe for Bluewater,GNH
1018,Greenock Central,GKC
1019,Greenock West,GKW
1020,Greenwich,GNW
1021,Gretna Green,GEA
1022,Grimsby Docks,GMD
1023,Grimsby Town,GMB
1024,Grindleford,GRN
1025,Grosmont,GMT
1026,Grove Park,GRP
1027,Guide Bridge,GUI
1028,Guildford,GLD
1029,Guiseley,GSY
1030,Gunnersbury,GUN
1031,Gunnislake,GSL
1032,Gunton,GNT
1033,Gwersyllt,GWE
1034,Gypsy Lane,GYP
1035,Habrough,HAB
1036,Hackbridge,HCB
1037,Hackney Central,HKC
1038,Hackney Downs,HAC
1039,Hackney Wick,HKW
1040,Haddenham & Thame Parkway,HDM
1041,Haddiscoe,HAD
1042,Hadfield,HDF
1043,Hadley Wood,HDW
1044,Hag Fold,HGF
1045,Haggerston,HGG
1046,Hagley,HAG
1047,Hairmyres,HMY
1048,Hale,HAL
1049,Halesworth,HAS
1050,Halewood,HED
1051,Halifax,HFX
1052,Hall Green,HLG
1053,Hall i' th' Wood,HID
1054,Hall Road,HLR
1055,Halling,HAI
1056,Haltwhistle,HWH
1057,Ham Street,HMT
1058,Hamble,HME
1059,Hamilton Central,HNC
1060,Hamilton West,HNW
1061,Hammerton,HMM
1062,Hampden Park,HMD
1063,Hampstead Heath,HDH
1064,Hampton,HMP
1065,Hampton Court,HMC
1066,Hampton Wick,HMW
1067,Hampton-In-Arden,HIA
1068,Hamstead,HSD
1069,Hamworthy,HAM
1070,Hanborough,HND
1071,Handforth,HTH
1072,Hanwell,HAN
1073,Hapton,HPN
1074,Harlech,HRL
1075,Harlesden,HDN
1076,Harling Road,HRD
1077,Harlington,HLN
1078,Harlow Mill,HWM
1079,Harlow Town,HWN
1080,Harold Wood,HRO
1081,Harpenden,HPD
1082,Harrietsham,HRM
1083,Harringay Green Lanes,HRY
1084,Harringay,HGY
1085,Harrington,HRR
1086,Harrogate,HGT
1087,Harrow & Wealdstone,HRW
1088,Harrow-on-the-Hill,HOH
1089,Hartford,HTF
1090,Hartlebury,HBY
1091,Hartlepool,HPL
1092,Hartwood,HTW
1093,Harwich International,HPQ
1094,Harwich Town,HWC
1095,Haslemere,HSL
1096,Hassocks,HSK
1097,Hastings,HGS
1098,Hatch End,HTE
1099,Hatfield,HAT
1100,Hatfield & Stainforth,HFS
1101,Hatfield Peverel,HAP
1102,Hathersage,HSG
1103,Hattersley,HTY
1104,Hatton,HTN
1105,Havant,HAV
1106,Havenhouse,HVN
1107,Haverfordwest,HVF
1108,Hawarden Bridge,HWB
1109,Hawarden,HWD
1110,Hawick,HWK
1111,Hawkhead,HKH
1112,Haydon Bridge,HDB
1113,Haydons Road,HYR
1114,Hayes & Harlington,HAY
1115,Hayes (Kent),HYS
1116,Hayle,HYL
1117,Haymarket (Edinburgh),HYM
1118,Haywards Heath,HHE
1119,Hazel Grove,HAZ
1120,Headcorn,HCN
1121,Headingley,HDY
1122,Headstone Lane,HDL
1123,Heald Green,HDG
1124,Healing,HLI
1125,Heath High Level,HHL
1126,Heath Low Level,HLL
1127,Heathrow Airport,193
1128,Heathrow Terminal 4 Rail,HAF
1129,Heathrow Terminal 5 Rail,HWV
1130,Heathrow Terminals 1-2-3 Rail,HXX
1131,Heaton Chapel,HTC
1132,Hebden Bridge,HBD
1133,Heckington,HEC
1134,Hedge End,HDE
1135,Hednesford,HNF
1136,Heighington,HEI
1137,Helensburgh Central,HLC
1138,Helensburgh Upper,HLU
1139,Hellifield,HLD
1140,Helmsdale,HMS
1141,Helsby,HSB
1142,Hemel Hempstead,HML
1143,Hendon,HEN
1144,Hengoed,HNG
1145,Henley-In-Arden,HNL
1146,Henley-On-Thames,HOT
1147,Hensall,HEL
1148,Hereford,HFD
1149,Herne Bay,HNB
1150,Herne Hill,HNH
1151,Hersham,HER
1152,Hertford East,HFE
1153,Hertford North,HFN
1154,Hessle,HES
1155,Heswall,HSW
1156,Hever,HEV
1157,Heworth,HEW
1158,Hexham,HEX
1159,Heyford,HYD
1160,Heysham Port,HHB
1161,High Brooms,HIB
1162,High Street,HST
1163,High Wycombe,HWY
1164,Higham,HGM
1165,Highams Park,HIP
1166,Highbridge & Burnham,HIG
1167,Highbury & Islington,HHY
1168,Hightown,HTO
1169,Hildenborough,HLB
1170,Hillfoot,HLF
1171,Hillington East,HLE
1172,Hillington West,HLW
1173,Hillside,HIL
1174,Hilsea,HLS
1175,Hinchley Wood,HYW
1176,Hinckley,HNK
1177,Hindley,HIN
1178,Hinton Admiral,HNA
1179,Hitchin,HIT
1180,Hither Green,HGR
1181,Hockley,HOC
1182,Hollingbourne,HBN
1183,Holmes Chapel,HCH
1184,Holmwood,HLM
1185,Holton Heath,HOL
1186,Holyhead,HHD
1187,Holytown,HLY
1188,Homerton,HMN
1189,Honeybourne,HYB
1190,Honiton,HON
1191,Honley,HOY
1192,Honor Oak Park,HPA
1193,Hook,HOK
1194,Hooton,HOO
1195,Hope (Clwyd),HPE
1196,Hope (Derbyshire),HOP
1197,Hopton Heath,HPT
1198,Horley,HOR
1199,Hornbeam Park,HBP
1200,Hornsey,HRN
1201,Horsforth,HRS
1202,Horsham,HRH
1203,Horsley,HSY
1204,Horton in Ribblesdale,HIR
1205,Horwich Parkway,HWI
1206,Hoscar,HSC
1207,Hough Green,HGN
1208,Hounslow,HOU
1209,Hove,HOV
1210,Hoveton & Wroxham,HXM
1211,How Wood,HWW
1212,Howden,HOW
1213,Howwood,HOZ
1214,Hoxton,HOX
1215,Hoylake,HYK
1216,Hubberts Bridge,HBB
1217,Hucknall,HKN
1218,Huddersfield,HUD
1219,Hull,HUL
1220,Humphrey Park,HUP
1221,Huncoat,HCT
1222,Hungerford,HGD
1223,Hunmanby,HUB
1224,Huntingdon,HUN
1225,Huntly,HNT
1226,Hunts Cross,HNX
1227,Hurst Green,HUR
1228,Hutton Cranswick,HUT
1229,Huyton,HUY
1230,Hyde Central,HYC
1231,Hyde North,HYT
1232,Hykeham,HKM
1233,Hyndland,HYN
1234,Hythe,HYH
1235,IBM,IBM
1236,Ifield,IFI
1237,Ilford,IFD
1238,Ilkley,ILK
1239,Imperial Wharf,IMW
1240,Ince,INC
1241,Ince & Elton,INE
1242,Ingatestone,INT
1243,Insch,INS
1244,Invergordon,IGD
1245,Invergowrie,ING
1246,Inverkeithing,INK
1247,Inverkip,INP
1248,Inverness,INV
1249,Invershin,INH
1250,Inverurie,INR
1251,Ipswich,IPS
1252,Irlam,IRL
1253,Irvine,IRV
1254,Isleworth,ISL
1255,Islip,ISP
1256,Iver,IVR
1257,Ivybridge,IVY
1258,James Cook University Hospital,JCH
1259,James Street,LVJ
1260,Jewellery Quarter,JEQ
1261,Johnston,JOH
1262,Johnstone,JHN
1263,Jordanhill,JOR
1264,Kearsley,KSL
1265,Kearsney,KSN
1266,Keighley,KEI
1267,Keith,KEH
1268,Kelvedon,KEL
1269,Kelvindale,KVD
1270,Kemble,KEM
1271,Kempston Hardwick,KMH
1272,Kempton Park,KMP
1273,Kemsing,KMS
1274,Kemsley,KML
1275,Kendal,KEN
1276,Kenley,KLY
1277,Kennett,KNE
1278,Kennishead,KNS
1279,Kensal Green,KNL
1280,Kensal Rise,KNR
1281,Kensington Olympia,KPA
1282,Kent House,KTH
1283,Kentish Town,KTN
1284,Kentish Town West,KTW
1285,Kenton,KNT
1286,Kents Bank,KBK
1287,Kettering,KET
1288,Kew Bridge,KWB
1289,Kew Gardens,KWG
1290,Keyham,KEY
1291,Keynsham,KYN
1292,Kidbrooke,KDB
1293,Kidderminster,KID
1294,Kidsgrove,KDG
1295,Kidwelly,KWL
1296,Kilburn High Road,KBN
1297,Kildale,KLD
1298,Kildonan,KIL
1299,Kilgetty,KGT
1300,Kilmarnock,KMK
1301,Kilmaurs,KLM
1302,Kilpatrick,KPT
1303,Kilwinning,KWN
1304,Kinbrace,KBC
1305,Kingham,KGM
1306,Kinghorn,KGH
1307,Kings Langley,KGL
1308,Kings Lynn,KLN
1309,Kings Norton,KNN
1310,Kings Nympton,KGN
1311,Kings Park,KGP
1312,Kings Sutton,KGS
1313,Kingsknowe,KGE
1314,Kingston,KNG
1315,Kingswood,KND
1316,Kingussie,KIN
1317,Kintbury,KIT
1318,Kirby Cross,KBX
1319,Kirk Sandall,KKS
1320,Kirkby,KIR
1321,Kirkby in Ashfield,KKB
1322,Kirkby Stephen,KSW
1323,Kirkby-In-Furness,KBF
1324,Kirkcaldy,KDY
1325,Kirkconnel,KRK
1326,Kirkdale,KKD
1327,Kirkham & Wesham,KKM
1328,Kirkhill,KKH
1329,Kirknewton,KKN
1330,Kirkstall Forge,KLF
1331,Kirkwood,KWD
1332,Kirton Lindsey,KTL
1333,Kiveton Bridge,KIV
1334,Kiveton Park,KVP
1335,Knaresborough,KNA
1336,Knebworth,KBW
1337,Knighton,KNI
1338,Knockholt,KCK
1339,Knottingley,KNO
1340,Knucklas,KNU
1341,Knutsford,KNF
1342,Kyle of Lochalsh,KYL
1343,Ladybank,LDY
1344,Ladywell,LAD
1345,Laindon,LAI
1346,Lairg,LRG
1347,Lake,LKE
1348,Lakenheath,LAK
1349,Lamphey,LAM
1350,Lanark,LNK
1351,Lancaster,LAN
1352,Lancing,LAC
1353,Landywood,LAW
1354,Langbank,LGB
1355,Langho,LHO
1356,Langholm,LHL
1357,Langley,LNY
1358,Langley Green,LGG
1359,Langley Mill,LGM
1360,Langside,LGS
1361,Langwathby,LGW
1362,Langwith - Whaley Thorns,LAG
1363,Lapford,LAP
1364,Lapworth,LPW
1365,Larbert,LBT
1366,Largs,LAR
1367,Larkhall,LRH
1368,Laurencekirk,LAU
1369,Lawrence Hill,LWH
1370,Layton,LAY
1371,Lazonby & Kirkoswald,LZB
1372,Lea Bridge,LEB
1373,Lea Green,LEG
1374,Lea Hall,LEH
1375,Leagrave,LEA
1376,Lealholm,LHM
1377,Leamington Spa,LMS
1378,Leasowe,LSW
1379,Leatherhead,LHD
1380,Ledbury,LED
1381,Lee,LEE
1382,Leeds,LDS
1383,Leicester,LEI
1384,Leigh (Kent),LIH
1385,Leigh-on-Sea,LES
1386,Leighton Buzzard,LBZ
1387,Lelant Saltings,LTS
1388,Lelant,LEL
1389,Lenham,LEN
1390,Lenzie,LNZ
1391,Leominster,LEO
1392,Letchworth Garden City,LET
1393,Leuchars,LEU
1394,Levenshulme,LVM
1395,Lewes,LWS
1396,Lewisham,LEW
1397,Leyland,LEY
1398,Leyton Midland Road,LEM
1399,Leytonstone High Road,LER
1400,Lichfield City,LIC
1401,Lichfield Trent Valley,LTV
1402,Lidlington,LID
1403,Limehouse,LHS
1404,Lincoln Central,LCN
1405,Lingfield,LFD
1406,Lingwood,LGD
1407,Linlithgow,LIN
1408,Liphook,LIP
1409,Liskeard,LSK
1410,Liss,LIS
1411,Lisvane & Thornhill,LVT
1412,Little Kimble,LTK
1413,Little Sutton,LTT
1414,Littleborough,LTL
1415,Littlehampton,LIT
1416,Littlehaven,LVN
1417,Littleport,LTP
1418,Liverpool Central,LVC
1419,Liverpool Lime Street,LIV
1420,Liverpool South Parkway,LPY
1421,Livingston North,LSN
1422,Livingston South,LVG
1423,Llanaber,LLA
1424,Llanbedr,LBR
1425,Llanbister Road,LLT
1426,Llanbradach,LNB
1427,Llandaf,LLN
1428,Llandanwg,LDN
1429,Llandecwyn,LLC
1430,Llandeilo,LLL
1431,Llandovery,LLV
1432,Llandrindod,LLO
1433,Llandudno,LLD
1434,Llandudno Junction,LLJ
1435,Llandybie,LLI
1436,Llanelli,LLE
1437,Llanfairfechan,LLF
1438,Llanfairpwll,LPG
1439,Llangadog,LLG
1440,Llangammarch,LLM
1441,Llangennech,LLH
1442,Llangynllo,LGO
1443,Llanharan,LLR
1444,Llanhilleth,LTH
1445,Llanishen,LLS
1446,Llanrwst,LWR
1447,Llansamlet,LAS
1448,Llantwit Major,LWM
1449,Llanwrda,LNR
1450,Llanwrtyd,LNW
1451,Llwyngwril,LLW
1452,Llwynypia,LLY
1453,Loch Awe,LHA
1454,Loch Eil Outward Bound,LHE
1455,Lochailort,LCL
1456,Locheilside,LCS
1457,Lochgelly,LCG
1458,Lochluichart,LCC
1459,Lochwinnoch,LHW
1460,Lockerbie,LOC
1461,Lockwood,LCK
1462,London,182
1463,London Blackfriars,BFR
1464,London Bridge,LBG
1465,London Cannon Street,CST
1466,London Charing Cross,CHX
1467,London Euston,EUS
1468,London Fenchurch Street,FST
1469,London Fields,LOF
1470,London Kings Cross,KGX
1471,London Liverpool Street,LST
1472,London Marylebone,MYB
1473,London Paddington,PAD
1474,London Road (Brighton),LRB
1475,London Road (Guildford),LRD
1476,London St. Pancras International,STP
1477,London Victoria,VIC
1478,London Waterloo,WAT
1479,London Waterloo (East),WAE
1480,Long Buckby,LBK
1481,Long Eaton,LGE
1482,Long Preston,LPR
1483,Longbeck,LGK
1484,Longbridge,LOB
1485,Longcross,LNG
1486,Longfield,LGF
1487,Longniddry,LND
1488,Longport,LPT
1489,Longton,LGN
1490,Looe,LOO
1491,Lostock,LOT
1492,Lostock Gralam,LTG
1493,Lostock Hall,LOH
1494,Lostwithiel,LOS
1495,Loughborough,LBO
1496,Loughborough Junction,LGJ
1497,Lowdham,LOW
1498,Lower Sydenham,LSY
1499,Lowestoft,LWT
1500,Ludlow,LUD
1501,Luton,LUT
1502,Luton Airport,LUA
1503,Luton Airport Parkway,LTN
1504,Luxulyan,LUX
1505,Lydney,LYD
1506,Lye,LYE
1507,Lymington Pier,LYP
1508,Lymington Town,LYT
1509,Lympstone Commando,LYC
1510,Lympstone Village,LYM
1511,Lytham,LTM
1512,Macclesfield,MAC
1513,Machynlleth,MCN
1514,Maesteg (Ewenny Road),MEW
1515,Maesteg,MST
1516,Maghull,MAG
1517,Maiden Newton,MDN
1518,Maidenhead,MAI
1519,Maidstone Barracks,MDB
1520,Maidstone East,MDE
1521,Maidstone West,MDW
1522,Malden Manor,MAL
1523,Mallaig,MLG
1524,Malton,MLT
1525,Malvern Link,MVL
1526,Manchester,115
1527,Manchester Airport,MIA
1528,Manchester Oxford Road,MCO
1529,Manchester Piccadilly,MAN
1530,Manchester United Football Club,MUF
1531,Manchester Victoria,MCV
1532,Manea,MNE
1533,Manningtree,MNG
1534,Manor Park,MNP
1535,Manor Road,MNR
1536,Manorbier,MRB
1537,Manors,MAS
1538,Mansfield,MFT
1539,Mansfield Woodhouse,MSW
1540,March,MCH
1541,Marden,MRN
1542,Margate,MAR
1543,Market Harborough,MHR
1544,Market Rasen,MKR
1545,Markinch,MNC
1546,Marks Tey,MKT
1547,Marlow,MLW
1548,Marple,MPL
1549,Marsden,MSN
1550,Marske,MSK
1551,Marston Green,MGN
1552,Martin Mill,MTM
1553,Martins Heron,MAO
1554,Marton,MTO
1555,Maryhill,MYH
1556,Maryland,MYL
1557,Maryport,MRY
1558,Matlock Bath,MTB
1559,Matlock,MAT
1560,Mauldeth Road,MAU
1561,Maxwell Park,MAX
1562,Maybole,MAY
1563,Maze Hill,MZH
1564,Meadowhall,MHS
1565,Meldreth,MEL
1566,Melksham,MKM
1567,Melrose,MLS
1568,Melton,MES
1569,Melton Mowbray,MMO
1570,Menheniot,MEN
1571,Menston,MNN
1572,Meols,MEO
1573,Meols Cop,MEC
1574,Meopham,MEP
1575,Merryton,MEY
1576,Merstham,MHM
1577,Merthyr Tydfil,MER
1578,Merthyr Vale,MEV
1579,Metheringham,MGM
1580,Metrocentre,MCE
1581,Mexborough,MEX
1582,Micheldever,MIC
1583,Micklefield,MIK
1584,Middlesbrough,MBR
1585,Middlewood,MDL
1586,Midgham,MDG
1587,Milford (Surrey),MLF
1588,Milford Haven,MFH
1589,Mill Hill (Lancashire),MLH
1590,Mill Hill Broadway,MIL
1591,Millbrook (Bedfordshire),MLB
1592,Millbrook (Hants),MBK
1593,Milliken Park,MIN
1594,Millom,MLM
1595,Mills Hill,MIH
1596,Milngavie,MLN
1597,Milton Keynes Central,MKC
1598,Minffordd,MFF
1599,Minster,MSR
1600,Mirfield,MIR
1601,Mistley,MIS
1602,Mitcham Eastfields,MTC
1603,Mitcham Junction,MIJ
1604,Mobberley,MOB
1605,Monifieth,MON
1606,Monks Risborough,MRS
1607,Montpelier,MTP
1608,Montrose,MTS
1609,Moorfields,MRF
1610,Moorgate,MOG
1611,Moorside,MSD
1612,Moorthorpe,MRP
1613,Morar,MRR
1614,Morchard Road,MRD
1615,Morden South,MDS
1616,Morecambe,MCM
1617,Moreton (Dorset),MTN
1618,Moreton (Merseyside),MRT
1619,Moreton-In-Marsh,MIM
1620,Morfa Mawddach,MFA
1621,Morley,MLY
1622,Morpeth,MPT
1623,Mortimer,MOR
1624,Mortlake,MTL
1625,Moses Gate,MSS
1626,Moss Side,MOS
1627,Mossley (Grtr Manchester),MSL
1628,Mossley Hill,MSH
1629,Mosspark,MPK
1630,Moston,MSO
1631,Motherwell,MTH
1632,Motspur Park,MOT
1633,Mottingham,MTG
1634,Mottisfont & Dunbridge,DBG
1635,Mouldsworth,MLD
1636,Moulsecoomb,MCB
1637,Mount Florida,MFL
1638,Mount Vernon,MTV
1639,Mountain Ash,MTA
1640,Muir of Ord,MOO
1641,Muirend,MUI
1642,Musselburgh,MUB
1643,Mytholmroyd,MYT
1644,Nafferton,NFN
1645,Nailsea & Backwell,NLS
1646,Nairn,NRN
1647,Nantwich,NAN
1648,Narberth,NAR
1649,Narborough,NBR
1650,Navigation Road,NVR
1651,Neath,NTH
1652,Needham Market,NMT
1653,Neilston,NEI
1654,Nelson,NEL
1655,Neston,NES
1656,Netherfield,NET
1657,Nethertown,NRT
1658,Netley,NTL
1659,New Barnet,NBA
1660,New Beckenham,NBC
1661,New Brighton,NBN
1662,New Clee,NCE
1663,New Cross Gate,NXG
1664,New Cross,NWX
1665,New Cumnock,NCK
1666,New Eltham,NEH
1667,New Holland,NHL
1668,New Hythe,NHE
1669,New Lane,NLN
1670,New Malden,NEM
1671,New Mills Central,NMC
1672,New Mills Newtown,NMN
1673,New Milton,NWM
1674,New Pudsey,NPD
1675,New Southgate,NSG
1676,Newark Castle,NCT
1677,Newark Northgate,NNG
1678,Newbridge,NBE
1679,Newbury Park,ZNP
1680,Newbury Racecourse,NRC
1681,Newbury,NBY
1682,Newcastle,NCL
1683,Newcastle Airport,APN
1684,Newcastle Central (Metro),NCZ
1685,Newcourt,NCO
1686,Newcraighall,NEW
1687,Newhaven,121
1688,Newhaven Harbour,NVH
1689,Newhaven Town,NVN
1690,Newington,NGT
1691,Newmarket,NMK
1692,Newport (Essex),NWE
1693,Newport Gwent,NWP
1694,Newquay,NQY
1695,Newstead,NSD
1696,Newton,NTN
1697,Newton Abbot,NTA
1698,Newton Aycliffe,NAY
1699,Newton for Hyde,NWN
1700,Newton Heath and Moston,NMM
1701,Newton St Cyres,NTC
1702,Newtongrange,NEG
1703,Newton-Le-Willows,NLW
1704,Newtonmore,NWR
1705,Newton-On-Ayr,NOA
1706,Newtown (Powys),NWT
1707,Ninian Park,NNP
1708,Nitshill,NIT
1709,Norbiton,NBT
1710,Norbury,NRB
1711,Normans Bay,NSB
1712,Normanton,NOR
1713,North Berwick,NBW
1714,North Camp,NCM
1715,North Dulwich,NDL
1716,North Fambridge,NFA
1717,North Llanrwst,NLR
1718,North Queensferry,NQU
1719,North Road,NRD
1720,North Sheen,NSH
1721,North Walsham,NWA
1722,North Wembley,NWB
1723,Northallerton,NTR
1724,Northampton,NMP
1725,Northfield,NFD
1726,Northfleet - Cooper Arms,NFL
1727,Northolt Park,NLT
1728,Northumberland Park,NUM
1729,Northwich,NWI
1730,Norton Bridge,NTB
1731,Norwich,NRW
1732,Norwood Junction,NWD
1733,Nottingham,NOT
1734,Nuneaton,NUN
1735,Nunhead,NHD
1736,Nunthorpe,NNT
1737,Nutbourne,NUT
1738,Nutfield,NUF
1739,Oakengates,OKN
1740,Oakham,OKM
1741,Oakleigh Park,OKL
1742,Oban,OBN
1743,Ockendon,OCK
1744,Ockley,OLY
1745,Okehampton,OKE
1746,Old Hill,OHL
1747,Old Roan,ORN
1748,Old Street,OLD
1749,Oldfield Park,OLF
1750,Olton,OLT
1751,Ore,ORE
1752,Ormskirk,OMS
1753,Orpington,ORP
1754,Orrell,ORR
1755,Orrell Park,OPK
1756,Otford,OTF
1757,Oulton Broad North,OUN
1758,Oulton Broad South,OUS
1759,Outwood,OUT
1760,Overpool,OVE
1761,Overton,OVR
1762,Oxenholme Lake District,OXN
1763,Oxford,OXF
1764,Oxford Parkway,OXP
1765,Oxshott,OXS
1766,Oxted,OXT
1767,Paddock Wood,PDW
1768,Padgate,PDG
1769,Paignton,PGN
1770,Paisley Canal,PCN
1771,Paisley Gilmour Street,PYG
1772,Paisley St James,PYJ
1773,Palmers Green,PAL
1774,Pangbourne,PAN
1775,Pannal,PNL
1776,Pantyffynnon,PTF
1777,Par,PAR
1778,Parbold,PBL
1779,Park Street,PKT
1780,Parkstone (Dorset),PKS
1781,Parson Street,PSN
1782,Partick,PTK
1783,Parton,PRN
1784,Patchway,PWY
1785,Patricroft,PAT
1786,Patterton,PTT
1787,Peartree,PEA
1788,Peckham Rye,PMR
1789,Pegswood,PEG
1790,Pemberton,PEM
1791,Pembrey & Burry Port,PBY
1792,Pembroke Dock,PMD
1793,Pembroke,PMB
1794,Penally,PNA
1795,Penarth,PEN
1796,Pencoed,PCD
1797,Pengam,PGM
1798,Penge East,PNE
1799,Penge West,PNW
1800,Penhelig,PHG
1801,Penistone,PNS
1802,Penkridge,PKG
1803,Penmaenmawr,PMW
1804,Penmere,PNM
1805,Penrhiwceiber,PER
1806,Penrhyndeudraeth,PRH
1807,Penrith,PNR
1808,Penryn,PYN
1809,Pensarn,PES
1810,Penshurst,PHR
1811,Pentre-Bach,PTB
1812,Pen-Y-Bont,PNY
1813,Penychain,PNC
1814,Penyffordd,PNF
1815,Penzance,PNZ
1816,Perranwell,PRW
1817,Perry Barr,PRY
1818,Pershore,PSH
1819,Perth,PTH
1820,Peterborough,PBO
1821,Petersfield,PTR
1822,Petts Wood,PET
1823,Pevensey & Westham,PEV
1824,Pevensey Bay,PEB
1825,Pewsey,PEW
1826,Pickering Eastgate,PIZ
1827,Pilning,PIL
1828,Pinhoe,PIN
1829,Pitlochry,PIT
1830,Pitsea,PSE
1831,Pleasington,PLS
1832,Plockton,PLK
1833,Pluckley,PLC
1834,Plumley,PLM
1835,Plumpton,PMP
1836,Plumstead,PLU
1837,Plymouth,PLY
1838,Pokesdown,POK
1839,Polegate,PLG
1840,Polesworth,PSW
1841,Pollokshaws East,PWE
1842,Pollokshaws West,PWW
1843,Pollokshields East,PLE
1844,Pollokshields West,PLW
1845,Polmont,PMT
1846,Polsloe Bridge,POL
1847,Ponders End,PON
1848,Pontarddulais,PTD
1849,Pontefract Baghill,PFR
1850,Pontefract Monkhill,PFM
1851,Pontefract Tanshelf,POT
1852,Pontlottyn,PLT
1853,Pontyclun,PYC
1854,Pont-Y-Pant,PYP
1855,Pontypool and New Inn,PPL
1856,Pontypridd,PPD
1857,Poole,POO
1858,Poppleton,POP
1859,Port Glasgow,PTG
1860,Port Sunlight,PSL
1861,Port Talbot Parkway,PTA
1862,Portchester,PTC
1863,Porth,POR
1864,Porthmadog,PTM
1865,Portlethen,PLN
1866,Portslade,PLD
1867,Portsmouth & Southsea,PMS
1868,Portsmouth Arms,PMA
1869,Portsmouth Harbour,PMH
1870,Possilpark & Parkhouse,PPK
1871,Potters Bar,PBR
1872,Poulton-Le-Fylde,PFY
1873,Poynton,PYT
1874,Prees,PRS
1875,Prescot,PSC
1876,Prestatyn,PRT
1877,Prestbury,PRB
1878,Preston,PRE
1879,Preston Park,PRP
1880,Prestonpans,PST
1881,Prestwick International Airport,PRA
1882,Prestwick Town,PTW
1883,Priesthill & Darnley,PTL
1884,Princes Risborough,PRR
1885,Prittlewell,PRL
1886,Prudhoe,PRU
1887,Pulborough,PUL
1888,Purfleet,PFL
1889,Purley Oaks,PUO
1890,Purley,PUR
1891,Putney,PUT
1892,Pwllheli,PWL
1893,Pye Corner,PYE
1894,Pyle,PYL
1895,Quakers Yard,QYD
1896,Queenborough,QBR
1897,Queens Park (Glasgow),QPK
1898,Queens Park (London),QPW
1899,Queens Road Peckham,QRP
1900,Queenstown Road (Battersea),QRB
1901,Quintrell Downs,QUI
1902,Radcliffe (Notts),RDF
1903,Radlett,RDT
1904,Radley,RAD
1905,Radyr,RDR
1906,Rainford,RNF
1907,Rainham (Essex),RNM
1908,Rainham (Kent),RAI
1909,Rainhill,RNH
1910,Ramsgate,RAM
1911,Ramsgreave & Wilpshire,RGW
1912,Rannoch,RAN
1913,Rauceby,RAU
1914,Ravenglass for Eskdale,RAV
1915,Ravensbourne,RVB
1916,Ravensthorpe,RVN
1917,Rawcliffe,RWC
1918,Rayleigh,RLG
1919,Raynes Park,RAY
1920,Reading,RDG
1921,Reading West,RDW
1922,Rectory Road,REC
1923,Redbridge,RDB
1924,Redcar Central,RCC
1925,Redcar East,RCE
1926,Reddish North,RDN
1927,Reddish South,RDS
1928,Redditch,RDC
1929,Redhill,RDH
1930,Redland,RDA
1931,Redruth,RED
1932,Reedham (London),RHM
1933,Reedham (Norfolk),REE
1934,Reigate,REI
1935,Renton,RTN
1936,Retford,RET
1937,Rhiwbina,RHI
1938,Rhoose Cardiff Airport,RIA
1939,Rhosneigr,RHO
1940,Rhyl,RHL
1941,Rhymney,RHY
1942,Ribblehead,RHD
1943,Rice Lane,RIL
1944,Richmond,RMD
1945,Rickmansworth,RIC
1946,Riddlesdown,RDD
1947,Ridgmont,RID
1948,Riding Mill,RDM
1949,Risca & Pontymister,RCA
1950,Rishton,RIS
1951,Robertsbridge,RBR
1952,Roby,ROB
1953,Rochdale,RCD
1954,Roche,ROC
1955,Rochester,RTR
1956,Rochford,RFD
1957,Rock Ferry,RFY
1958,Rogart,ROG
1959,Rogerstone,ROR
1960,Rolleston,ROL
1961,Roman Bridge,RMB
1962,Romford,RMF
1963,Romiley,RML
1964,Romsey,ROM
1965,Roose,ROO
1966,Rose Grove,RSG
1967,Rose Hill Marple,RSH
1968,Rosyth,ROS
1969,Rotherham Central,RMC
1970,Rotherhithe,ROE
1971,Roughton Road,RNR
1972,Rowlands Castle,RLN
1973,Rowley Regis,ROW
1974,Roy Bridge,RYB
1975,Roydon,RYN
1976,Royston,RYS
1977,Ruabon,RUA
1978,Rufford,RUF
1979,Rugby,RUG
1980,Rugeley Town,RGT
1981,Rugeley Trent Valley,RGL
1982,Runcorn,RUN
1983,Runcorn East,RUE
1984,Ruskington,RKT
1985,Ruswarp,RUS
1986,Rutherglen,RUT
1987,Ryde Esplanade,RYD
1988,Ryde Pier Head,RYP
1989,Ryde St Johns Road,RYR
1990,Ryder Brow,RRB
1991,Rye,RYE
1992,Rye House,RYH
1993,Salford Central,SFD
1994,Salford Crescent,SLD
1995,Salfords,SAF
1996,Salhouse,SAH
1997,Salisbury,SAL
1998,Saltaire,SAE
1999,Saltash,STS
2000,Saltburn,SLB
2001,Saltcoats,SLT
2002,Saltmarshe,SAM
2003,Salwick,SLW
2004,Sampford Courtenay,SMC
2005,Sandal & Agbrigg,SNA
2006,Sandbach,SDB
2007,Sanderstead,SNR
2008,Sandhills,SDL
2009,Sandhurst,SND
2010,Sandling,SDG
2011,Sandown,SAN
2012,Sandplace,SDP
2013,Sandwell & Dudley,SAD
2014,Sandwich,SDW
2015,Sandy,SDY
2016,Sankey for Penketh,SNK
2017,Sanquhar,SQH
2018,Sarn,SRR
2019,Saundersfoot,SDF
2020,Saunderton,SDR
2021,Sawbridgeworth,SAW
2022,Saxilby,SXY
2023,Saxmundham,SAX
2024,Scarborough,SCA
2025,Scotscalder,SCT
2026,Scotstounhill,SCH
2027,Scunthorpe,SCU
2028,Sea Mills,SML
2029,Seaburn,SEB
2030,Seaford,SEF
2031,Seaforth & Litherland,SFL
2032,Seaham,SEA
2033,Seamer,SEM
2034,Seascale,SSC
2035,Seaton Carew,SEC
2036,Seer Green & Jordans,SRG
2037,Selby,SBY
2038,Selhurst,SRS
2039,Selkirk,SKK
2040,Sellafield,SEL
2041,Selling,SEG
2042,Selly Oak,SLY
2043,Settle,SET
2044,Seven Kings,SVK
2045,Seven Sisters,SVS
2046,Sevenoaks,SEV
2047,Severn Beach,SVB
2048,Severn Tunnel Junction,STJ
2049,Shadwell,SDE
2050,Shalford,SFR
2051,Shanklin,SHN
2052,Shawfair,SFI
2053,Shawford,SHW
2054,Shawlands,SHL
2055,Sheerness-On-Sea,SSS
2056,Sheffield,SHF
2057,Shelford,SED
2058,Shenfield,SNF
2059,Shenstone,SEN
2060,Shepherds Bush,SPB
2061,Shepherds Well,SPH
2062,Shepley,SPY
2063,Shepperton,SHP
2064,Shepreth,STH
2065,Sherborne,SHE
2066,Sherburn-In-Elmet,SIE
2067,Sheringham,SHM
2068,Shettleston,SLS
2069,Shieldmuir,SDM
2070,Shifnal,SFN
2071,Shildon,SHD
2072,Shiplake,SHI
2073,Shipley,SHY
2074,Shippea Hill,SPP
2075,Shipton,SIP
2076,Shirebrook,SHB
2077,Shirehampton,SHH
2078,Shireoaks,SRO
2079,Shirley,SRL
2080,Shoeburyness,SRY
2081,Sholing,SHO
2082,Shoreditch High Street,SDC
2083,Shoreham (Kent),SEH
2084,Shoreham-By-Sea,SSE
2085,Shortlands,SRT
2086,Shotton,SHT
2087,Shotts,SHS
2088,Shrewsbury,SHR
2089,Sidcup,SID
2090,Sileby,SIL
2091,Silecroft,SIC
2092,Silkstone Common,SLK
2093,Silver Street,SLV
2094,Silverdale,SVR
2095,Singer,SIN
2096,Sittingbourne,SIT
2097,Skegness,SKG
2098,Skewen,SKE
2099,Skipton,SKI
2100,Slade Green,SGR
2101,Slaithwaite,SWT
2102,Slateford,SLA
2103,Sleaford,SLR
2104,Sleights,SLH
2105,Slough,SLO
2106,Small Heath,SMA
2107,Smallbrook Junction,SAB
2108,Smethwick Galton Bridge,SGB
2109,Smethwick Rolfe Street,SMR
2110,Smithy Bridge,SMB
2111,Snaith,SNI
2112,Snodland,SDA
2113,Snowdown,SWO
2114,Sole Street,SOR
2115,Solihull,SOL
2116,Somerleyton,SYT
2117,South Acton,SAT
2118,South Bank,SBK
2119,South Bermondsey,SBM
2120,South Croydon,SCY
2121,South Elmsall,SES
2122,South Greenford,SGN
2123,South Gyle,SGL
2124,South Hampstead,SOH
2125,South Kenton,SOK
2126,South Merton,SMO
2127,South Milford,SOM
2128,South Ruislip,SRU
2129,South Tottenham,STO
2130,South Wigston,SWS
2131,South Woodham Ferrers,SOF
2132,Southall,STL
2133,Southampton Airport Parkway,SOA
2134,Southampton Central,SOU
2135,Southampton Town Quay,STQ
2136,Southbourne,SOB
2137,Southbury,SBU
2138,Southease,SEE
2139,Southend Airport,SIA
2140,Southend Central,SOC
2141,Southend East,SOE
2142,Southend Victoria,SOV
2143,Southminster,SMN
2144,Southport,SOP
2145,Southwick,SWK
2146,Sowerby Bridge,SOW
2147,Spalding,SPA
2148,Spean Bridge,SBR
2149,Spital,SPI
2150,Spondon,SPO
2151,Spooner Row,SPN
2152,Spring Road,SRI
2153,Springburn,SPR
2154,Springfield,SPF
2155,Squires Gate,SQU
2156,St Albans,SAC
2157,St Albans Abbey,SAA
2158,St Andrews Road (Bristol),SAR
2159,St Annes-On-The-Sea,SAS
2160,St Austell,SAU
2161,St Bees,SBS
2162,St Budeaux Ferry Road,SBF
2163,St Budeaux Victoria Road,SBV
2164,St Columb Road,SCR
2165,St Denys,SDN
2166,St Erth,SER
2167,St Germans,SGM
2168,St Helens Central,SNH
2169,St Helens Junction,SHJ
2170,St Helier,SIH
2171,St Ives,SIV
2172,St James' Park,SJP
2173,St James Street,SJS
2174,St Johns,SAJ
2175,St Keyne,SKN
2176,St Leonards Warrior Square,SLQ
2177,St Margarets,SMG
2178,St Margarets (Herts),SMT
2179,St Mary Cray,SMY
2180,St Michaels,STM
2181,St Neots,SNO
2182,St Peters,STZ
2183,Stadium of Light,STI
2184,Stafford,STA
2185,Staines,SNS
2186,Stallingborough,SLL
2187,Stalybridge,SYB
2188,Stamford,SMD
2189,Stamford Hill,SMH
2190,Stanford-Le-Hope,SFO
2191,Stanlow & Thornton,SNT
2192,Stansted Airport,SSD
2193,Stansted Mountfitchet,SST
2194,Staplehurst,SPU
2195,Stapleton Road,SRD
2196,Starbeck,SBE
2197,Starcross,SCS
2198,Staveley,SVL
2199,Stechford,SCF
2200,Steeton & Silsden,SON
2201,Stepps,SPS
2202,Stevenage,SVG
2203,Stevenston,STV
2204,Stewartby,SWR
2205,Stewarton,STT
2206,Stirling,STG
2207,Stockport,SPT
2208,Stocksfield,SKS
2209,Stocksmoor,SSM
2210,Stockton,STK
2211,Stoke Mandeville,SKM
2212,Stoke Newington,SKW
2213,Stoke-On-Trent,SOT
2214,Stone,SNE
2215,Stone Crossing,SCG
2216,Stonebridge Park,SBP
2217,Stonegate,SOG
2218,Stonehaven,STN
2219,Stonehouse,SHU
2220,Stoneleigh,SNL
2221,Stourbridge Junction,SBJ
2222,Stourbridge Town,SBT
2223,Stow,SOI
2224,Stowmarket,SMK
2225,Stranraer,STR
2226,Stratford International,SFA
2227,Stratford (London),SRA
2228,Stratford-upon-Avon Parkway,STY
2229,Stratford-upon-Avon,SAV
2230,Strathcarron,STC
2231,Strawberry Hill,STW
2232,Streatham Common,SRC
2233,Streatham Hill,SRH
2234,Streatham,STE
2235,Streethouse,SHC
2236,Strines,SRN
2237,Stromeferry,STF
2238,Strood,SOO
2239,Stroud,STD
2240,Sturry,STU
2241,Styal,SYA
2242,Sudbury & Harrow Road,SUD
2243,Sudbury Hill Harrow,SDH
2244,Sudbury Suffolk,SUY
2245,Sugar Loaf,SUG
2246,Summerston,SUM
2247,Sunbury,SUU
2248,Sunderland,SUN
2249,Sundridge Park,SUP
2250,Sunningdale,SNG
2251,Sunnymeads,SNY
2252,Surbiton,SUR
2253,Surrey Quays,SQE
2254,Sutton (Surrey),SUO
2255,Sutton Coldfield,SUT
2256,Sutton Common,SUC
2257,Sutton Parkway,SPK
2258,Swale,SWL
2259,Swanley,SAY
2260,Swanscombe- George & Dragon,SWM
2261,Swansea,SWA
2262,Swanwick,SNW
2263,Sway,SWY
2264,Swaythling,SWG
2265,Swinderby,SWD
2266,Swindon,SWI
2267,Swineshead,SWE
2268,Swinton (Manchester),SNN
2269,Swinton (South Yorkshire),SWN
2270,Sydenham Hill,SYH
2271,Sydenham,SYD
2272,Syon Lane,SYL
2273,Syston,SYS
2274,Tackley,TAC
2275,Tadworth,TAD
2276,Taffs Well,TAF
2277,Tain,TAI
2278,Talsarnau,TAL
2279,Talybont,TLB
2280,Tal-Y-Cafn,TLC
2281,Tame Bridge Parkway,TAB
2282,Tamworth,TAM
2283,Tan-Y-Bwlch,TYB
2284,Taplow,TAP
2285,Tattenham Corner,TAT
2286,Taunton,TAU
2287,Taynuilt,TAY
2288,Teddington,TED
2289,Teesside Airport,TEA
2290,Teignmouth,TGM
2291,Telford Central,TFC
2292,Templecombe,TMC
2293,Tenby,TEN
2294,Teynham,TEY
2295,Thames Ditton,THD
2296,Thatcham,THA
2297,Thatto Heath,THH
2298,The Hawthorns,THW
2299,The Lakes,TLK
2300,Theale,THE
2301,Theobalds Grove,TEO
2302,Thetford,TTF
2303,Thirsk,THI
2304,Thornaby,TBY
2305,Thorne North,TNN
2306,Thorne South,TNS
2307,Thornford,THO
2308,Thornliebank,THB
2309,Thornton Abbey,TNA
2310,Thornton Heath,TTH
2311,Thorntonhall,THT
2312,Thorpe Bay,TPB
2313,Thorpe Culvert,TPC
2314,Thorpe-Le-Soken,TLS
2315,Three Bridges,TBD
2316,Three Oaks,TOK
2317,Thurgarton,THU
2318,Thurnscoe,THC
2319,Thurso,THS
2320,Thurston,TRS
2321,Tilbury Riverside,TBR
2322,Tilbury Town,TIL
2323,Tile Hill,THL
2324,Tilehurst,TLH
2325,Tipton,TIP
2326,Tir-Phil,TIR
2327,Tisbury,TIS
2328,Tiverton Parkway,TVP
2329,Todmorden,TOD
2330,Tolworth,TOL
2331,Ton Pentre,TPN
2332,Tonbridge,TON
2333,Tondu,TDU
2334,Tonfanau,TNF
2335,Tonypandy,TNP
2336,Tooting,TOO
2337,Topsham,TOP
2338,Torquay,TQY
2339,Torre,TRR
2340,Totnes,TOT
2341,Tottenham Court Road,TCR
2342,Tottenham Hale,TOM
2343,Totton,TTN
2344,Town Green,TWN
2345,Trafford Park,TRA
2346,Trefforest Estate,TRE
2347,Trefforest,TRF
2348,Trehafod,TRH
2349,Treherbert,TRB
2350,Treorchy,TRY
2351,Trimley,TRM
2352,Tring,TRI
2353,Troed-Y-Rhiw,TRD
2354,Troon,TRN
2355,Trowbridge,TRO
2356,Truro,TRU
2357,Tulloch,TUL
2358,Tulse Hill,TUH
2359,Tunbridge Wells,TBW
2360,Turkey Street,TUR
2361,Tutbury & Hatton,TUT
2362,Tweedbank,TWB
2363,Twickenham,TWI
2364,Twyford,TWY
2365,Ty Croes,TYC
2366,Ty Glas,TGS
2367,Tygwyn,TYG
2368,Tyndrum Lower,TYL
2369,Tyseley,TYS
2370,Tywyn,TYW
2371,Uckfield,UCK
2372,Uddingston,UDD
2373,Ulceby,ULC
2374,Ulleskelf,ULL
2375,Ulverston,ULV
2376,Umberleigh,UMB
2377,University (Birmingham),UNI
2378,Uphall,UHA
2379,Upholland,UPL
2380,Upminster,UPM
2381,Upper Halliford,UPH
2382,Upper Holloway,UHL
2383,Upper Tyndrum,UTY
2384,Upper Warlingham,UWL
2385,Upton,UPT
2386,Upwey,UPW
2387,Urmston,URM
2388,Uttoxeter,UTT
2389,Valley,VAL
2390,Vauxhall,VXH
2391,Virginia Water,VIR
2392,Waddon,WDO
2393,Wadhurst,WAD
2394,Wainfleet,WFL
2395,Wakefield Kirkgate,WKK
2396,Wakefield Westgate,WKF
2397,Walkden,WKD
2398,Wallasey Grove Road,WLG
2399,Wallasey Village,WLV
2400,Wallington,WLT
2401,Wallyford,WAF
2402,Walmer,WAM
2403,Walsall,WSL
2404,Walsden,WDN
2405,Waltham Cross,WLC
2406,Walthamstow Central,WHC
2407,Walthamstow Queens Road,WMW
2408,Walton (Merseyside),WAO
2409,Walton-On-Thames,WAL
2410,Walton-On-The-Naze,WON
2411,Wanborough,WAN
2412,Wandsworth Common,WSW
2413,Wandsworth Road,WWR
2414,Wandsworth Town,WNT
2415,Wanstead Park,WNP
2416,Wapping,WPE
2417,Warblington,WBL
2418,Ware,WAR
2419,Wareham,WRM
2420,Wargrave,WGV
2421,Warminster,WMN
2422,Warnham,WNH
2423,Warrington Bank Quay,WBQ
2424,Warrington Central,WAC
2425,Warwick,WRW
2426,Warwick Parkway,WRP
2427,Water Orton,WTO
2428,Waterbeach,WBC
2429,Wateringbury,WTR
2430,Waterloo (Merseyside),WLO
2431,Watford High Street,WFH
2432,Watford Junction,WFJ
2433,Watford North,WFN
2434,Watlington,WTG
2435,Watton-At-Stone,WAS
2436,Waun-Gron Park,WNG
2437,Wavertree Technology Park,WAV
2438,Wedgwood,WED
2439,Wedgwood Lane,WER
2440,Weeley,WEE
2441,Weeton,WET
2442,Welham Green,WMG
2443,Welling,WLI
2444,Wellingborough,WEL
2445,Wellington (Shropshire),WLN
2446,Wells Next The Sea,WEN
2447,Welshpool,WLP
2448,Welwyn Garden City,WGC
2449,Welwyn North,WLW
2450,Wem,WEM
2451,Wembley Central,WMB
2452,Wembley Stadium,WCX
2453,Wemyss Bay,WMS
2454,Wendover,WND
2455,Wennington,WNN
2456,West Allerton,WSA
2457,West Brompton,WBP
2458,West Byfleet,WBY
2459,West Calder,WCL
2460,West Croydon,WCY
2461,West Drayton,WDT
2462,West Dulwich,WDU
2463,West Ealing,WEA
2464,West Ham,WEH
2465,West Hampstead,WHD
2466,West Hampstead Thameslink,WHP
2467,West Horndon,WHR
2468,West Kilbride,WKB
2469,West Kirby,WKI
2470,West Malling,WMA
2471,West Norwood,WNW
2472,West Ruislip,WRU
2473,West Runton,WRN
2474,West St Leonards,WLD
2475,West Sutton,WSU
2476,West Wickham,WWI
2477,West Worthing,WWO
2478,Westbury,WSB
2479,Westcliff,WCF
2480,Westcombe Park,WCB
2481,Westenhanger,WHA
2482,Wester Hailes,WTA
2483,Westerfield,WFI
2484,Westerton,WES
2485,Westgate-On-Sea,WGA
2486,Westhoughton,WHG
2487,Weston Milton,WNM
2488,Weston-Super-Mare,WSM
2489,Wetheral,WRL
2490,Weybridge,WYB
2491,Weymouth,WEY
2492,Whaley Bridge,WBR
2493,Whalley,WHE
2494,Whatstandwell,WTS
2495,Whifflet,WFF
2496,Whimple,WHM
2497,Whinhill,WNL
2498,Whiston,WHN
2499,Whitby,WTB
2500,Whitchurch (Glamorgan),WHT
2501,Whitchurch (Hants),WCH
2502,Whitchurch (Shrops),WTC
2503,White Hart Lane,WHL
2504,White Notley,WNY
2505,Whitechapel,ZLW
2506,Whitecraigs,WCR
2507,Whitehaven,WTH
2508,Whitland,WTL
2509,Whitley Bridge,WBD
2510,Whitlocks End,WTE
2511,Whitstable,WHI
2512,Whittlesea,WLE
2513,Whittlesford Parkway,WLF
2514,Whitton,WTN
2515,Whitwell,WWL
2516,Whyteleafe South,WHS
2517,Whyteleafe,WHY
2518,Wick,WCK
2519,Wickford,WIC
2520,Wickham Market,WCM
2521,Widdrington,WDD
2522,Widnes,WID
2523,Widney Manor,WMR
2524,Wigan North Western,WGN
2525,Wigan Wallgate,WGW
2526,Wigton,WGT
2527,Wildmill,WMI
2528,Willesden Junction,WIJ
2529,Williamwood,WLM
2530,Willington,WIL
2531,Wilmcote,WMC
2532,Wilmslow,WML
2533,Wilnecote,WNE
2534,Wimbledon Chase,WBO
2535,Wimbledon,WIM
2536,Winchelsea,WSE
2537,Winchester,WIN
2538,Winchfield,WNF
2539,Winchmore Hill,WIH
2540,Windermere,WDM
2541,Windsor & Eton Central,WNC
2542,Windsor & Eton Riverside,WNR
2543,Winnersh,WNS
2544,Winnersh Triangle,WTI
2545,Winsford,WSF
2546,Wishaw,WSH
2547,Witham,WTM
2548,Witley,WTY
2549,Witton,WTT
2550,Wivelsfield,WVF
2551,Wivenhoe,WIV
2552,Woburn Sands,WOB
2553,Woking (Main),WOK
2554,Wokingham,WKM
2555,Woldingham,WOH
2556,Wolverhampton,WVH
2557,Wolverton,WOL
2558,Wombwell,WOM
2559,Wood End,WDE
2560,Wood Street,WST
2561,Woodbridge,WDB
2562,Woodgrange Park,WGR
2563,Woodhall,WDL
2564,Woodhouse,WDH
2565,Woodlesford,WDS
2566,Woodley,WLY
2567,Woodmansterne,WME
2568,Woodsmoor,WSR
2569,Wool,WOO
2570,Woolston,WLS
2571,Woolwich,WWC
2572,Woolwich Arsenal,WWA
2573,Woolwich Dockyard,WWD
2574,Wootton Wawen,WWW
2575,Worcester Foregate Street,WOF
2576,Worcester Park,WCP
2577,Worcestershire Parkway,WOP
2578,Worcester Shrub Hill,WOS
2579,Workington,WKG
2580,Worksop,WRK
2581,Worle,WOR
2582,Worplesdon,WPL
2583,Worstead,WRT
2584,Worthing,WRH
2585,Wrabness,WRB
2586,Wraysbury,WRY
2587,Wrenbury,WRE
2588,Wressle,WRS
2589,Wrexham Central,WXC
2590,Wrexham General,WRX
2591,Wye,WYE
2592,Wylam,WYM
2593,Wylde Green,WYL
2594,Wymondham,WMD
2595,Wythall,WYT
2596,Yalding,YAL
2597,Yardley Wood,YRD
2598,Yarm,YRM
2599,Yarmouth (Isle of Wight),YMH
2600,Yate,YAE
2601,Yatton,YAT
2602,Yeoford,YEO
2603,Yeovil Junction,YVJ
2604,Yeovil Pen Mill,YVP
2605,Yetminster,YET
2606,Ynyswen,YNW
2607,Yoker,YOK
2608,York,YRK
2609,Yorton,YRT
2610,Ystrad Mynach,YSM
2611,Ystrad Rhondda,YSR
